frame_nmr,vehicle_id,vehicle_bbox,license_plate_bbox,license_plate_bbox_score,license_number,license_number_score
35,26.0,[426.9615785372825 909.5204544078645 668.8115256581146 1079.4681136979616],[438.0118408203125 969.7440185546875 544.7759399414062 1061.5751953125],0.5476695895195007,2695,0.991982102394104
39,34.0,[453.51893587412457 837.3933393347169 718.9612715045939 1076.08988798579],[463.6000061035156 950.357666015625 573.8735961914062 1029.1929931640625],0.7232399582862854,2695,0.9987430572509766
40,34.0,[466.07051798300085 841.9852532163317 721.3090094069219 1075.9158458909374],[475.13232421875 948.673828125 578.5567016601562 1032.7862548828125],0.7837260365486145,2695,0.960570948533285
41,26.0,[473.9917019270622 893.9127579354574 674.7777863391611 1072.9270026176098],[482.9490966796875 947.1365356445312 581.9688720703125 1022.386474609375],0.7665417790412903,2695,0.9832121133804321
42,26.0,[481.6806752844582 892.9159885002149 674.4211002985983 1073.0217366248548],[482.9501037597656 947.4021606445312 586.1673583984375 1019.3536376953125],0.7504262328147888,2695,0.9983227849006653
45,26.0,[502.8014562491993 880.3601077440353 697.1525742915759 1071.5901592243947],[508.1227111816406 945.9288940429688 604.5122680664062 1007.6702270507812],0.6285021305084229,D 2695 MZ,0.3397772363418741
46,26.0,[509.4559239106411 877.6726113677735 703.076233605615 1072.0295892645083],[514.44970703125 940.6232299804688 604.4962158203125 1007.5427856445312],0.658653199672699,D 2695 MZ,0.9770581589056433
48,26.0,[515.2934921577971 874.8157252755578 703.4702520019689 1072.6170603816795],[521.5105590820312 938.6077880859375 612.7069702148438 1001.4305419921875],0.5969319939613342,D 2695 ,0.4998694328563228
49,26.0,[518.429760390255 874.0258133661349 705.168796254436 1073.4193609521767],[523.12646484375 935.1132202148438 622.0587768554688 1003.2998657226562],0.6770548820495605,D 2695 ,0.9920647740364075
51,26.0,[523.4659785090392 872.8006854133514 702.213469723146 1074.5831262348079],[530.3654174804688 928.5324096679688 626.7411499023438 1001.2886352539062],0.65925532579422,D 2695 ,0.9834610223770142
52,26.0,[528.7897623617874 871.7839320775171 707.9213251046982 1074.277569780188],[531.9518432617188 929.2593383789062 627.1639404296875 1000.2566528320312],0.6125810742378235,D 2695 ,0.9957071542739868
53,26.0,[533.3167853776233 869.3033619554709 713.1257250689757 1073.835423616515],[542.6884765625 925.6068115234375 629.5916748046875 991.3350830078125],0.7494863271713257,D 2695 ,0.6305218156527267
54,26.0,[536.1064646447245 866.2688010967272 716.8236884933584 1073.8566877413962],[542.6483154296875 926.9451293945312 629.4512939453125 995.891845703125],0.7060912251472473,D 2695 ,0.8099447345633043
55,26.0,[537.9485420403273 862.9574288234361 718.917610883746 1073.4452792085046],[548.46435546875 926.1414184570312 637.7474975585938 994.0440673828125],0.7500194907188416,D 2695 ,0.997747540473938
56,51.0,[1284.8814706224516 915.6487267210978 1563.3875159032186 1076.4153674955517],[1438.4876708984375 1008.1946411132812 1555.391357421875 1074.0267333984375],0.7662565112113953,12162,0.7508743887170839
56,26.0,[537.7687285084663 861.860855079851 716.620448614476 1073.8048511531226],[551.115234375 926.0704345703125 642.7849731445312 994.1602172851562],0.7127617597579956,D 2695 ,0.9923923015594482
57,26.0,[539.3089025531524 860.4677723654257 717.5262705553635 1073.973915914241],[550.1422119140625 924.1591186523438 638.9033203125 986.6852416992188],0.6594833135604858,D 2695 ,0.5249593262399047
58,26.0,[541.0897576914462 848.2779334364488 717.2455189480744 1068.9722405545167],[545.7650756835938 924.5159912109375 645.1818237304688 989.9432373046875],0.7133732438087463,D 2695 ,0.9041258048040698
59,26.0,[540.9298430273982 843.1083671727014 715.6273465419622 1068.607823484387],[548.1087036132812 924.0836791992188 649.2451782226562 986.785400390625],0.7571811079978943,D 2695 ,0.9948331713676453
60,51.0,[1290.1822026034274 911.6569664261768 1530.1385446768054 1075.3030804870027],[1417.9798583984375 992.735107421875 1523.5614013671875 1066.906494140625],0.7336832880973816,72162,0.5021920313585427
60,26.0,[543.0472227257249 842.8017040108612 714.0529698598104 1070.4128233405872],[546.1011352539062 923.4495849609375 646.36474609375 982.7171630859375],0.7275022864341736,D 2695 ,0.9893124419162875
61,26.0,[543.8014192628735 835.16717269427 714.1016553181577 1068.6187791719099],[557.1608276367188 925.1610717773438 647.0532836914062 989.5457153320312],0.7031435966491699,D 2695 ,0.46376195032851375
62,26.0,[545.9666162962636 835.334263118024 713.3875560414998 1070.7777000191038],[551.3538818359375 923.9374389648438 644.5858764648438 985.5198364257812],0.7027798891067505,D 2695 ,0.99937903881073
63,52.0,[1228.0712841006298 879.3219167011356 1509.4977484371402 1082.889929107597],[1397.9871826171875 972.6775512695312 1507.4000244140625 1057.223876953125],0.8419597148895264,72162 Zun,0.2004690450405938
63,26.0,[548.4267165495706 850.7010030358126 712.8703701864662 1078.7507926874569],[553.5359497070312 925.2661743164062 654.4019165039062 987.0926513671875],0.5587913393974304,D 2695 ,0.9991438984870911
64,52.0,[1230.5195578166024 881.2449690323656 1505.8318308037972 1081.559793213093],[1402.2109375 976.8209838867188 1501.9591064453125 1050.5640869140625],0.8691369295120239,72162 Zun,0.46088310441643204
65,52.0,[1258.70580140496 886.6060489527592 1510.6263409347741 1080.8834579740164],[1389.86962890625 971.818603515625 1499.9193115234375 1051.1512451171875],0.8231610059738159,Zun,0.5818406047850824
66,52.0,[1271.8534246466222 890.1924670456519 1506.4339686039032 1079.7328105524587],[1386.31103515625 968.8372192382812 1497.54931640625 1037.2362060546875],0.7775288820266724,12162 Zun,0.25035364839723895
66,26.0,[550.8251571215546 854.7398644028455 710.1919725376838 1078.992265958377],[556.6153564453125 922.6026000976562 652.6444702148438 982.2030639648438],0.6043002009391785,D 2695 ,0.6202429758563552
67,52.0,[1274.0241069354533 891.1168244680287 1498.5931398150487 1078.218621471183],[1385.520751953125 964.48046875 1492.7052001953125 1034.0284423828125],0.7915704846382141,12162 Zun,0.4359065492875442
68,52.0,[1275.979385770545 885.1569555207575 1492.3175291874668 1074.236988335828],[1377.7872314453125 949.4644775390625 1480.1802978515625 1026.1622314453125],0.8123680949211121,12162 Zun,0.30522238154071535
69,52.0,[1281.3553259541193 885.3284101477936 1488.3919461095927 1074.2184089052892],[1375.2001953125 951.6813354492188 1477.2525634765625 1021.8517456054688],0.8188120126724243,12162 Zu1,0.187282948153022
70,52.0,[1282.0489831546797 884.8510644749988 1482.8064435692977 1073.9334126303572],[1374.6968994140625 950.0476684570312 1478.1572265625 1039.77734375],0.774843692779541,12162 Zun,0.25754519058782754
71,52.0,[1282.921009940947 884.3746740625315 1479.6232077235609 1073.8737183143016],[1374.7254638671875 950.0505981445312 1477.99609375 1038.0267333984375],0.7785807251930237,12162 Zun,0.3017219072057355
72,52.0,[1282.294114616328 882.289732845948 1474.714374869593 1072.3052079882975],[1372.1392822265625 946.392333984375 1469.6004638671875 1011.25341796875],0.7773158550262451,12162 Zu),0.190409444328137
73,52.0,[1282.2118093835286 877.366293683046 1471.691213584363 1070.3569248087024],[1363.77099609375 943.9114379882812 1464.9814453125 1002.4248046875],0.7167041301727295,12162 Zun,0.22910693296933402
74,52.0,[1282.5130582261597 874.5669312876378 1470.0442303620528 1070.1357457227962],[1363.843505859375 943.8372802734375 1464.702392578125 1002.11572265625],0.7135904431343079,12162 Zun,0.23711109769460312
75,72.0,[1237.3101801678727 830.9675467565701 1467.2276353660104 1079.6360769531982],[1368.60791015625 939.8003540039062 1460.482421875 997.5825805664062],0.6532340049743652,42162 Zun,0.24643953490558493
75,3.0,[838.9868729078273 679.4304873376956 1141.7696182533991 925.5910680989645],[862.6591186523438 777.5062866210938 1065.9228515625 839.3941040039062],0.5485833883285522,FP,0.9978568316799309
76,72.0,[1255.302595371693 839.3128764558082 1469.5108853124136 1078.82152965716],[1363.332275390625 932.2833251953125 1454.935546875 996.76904296875],0.6818955540657043,2162 Zun,0.4982465223433567
77,72.0,[1264.5680809676119 846.3417588115592 1466.6756846871422 1078.294896848377],[1361.092529296875 926.6694946289062 1452.7576904296875 996.0836791992188],0.6761026382446289,12162 Zun,0.16440610803324837
78,26.0,[557.3046163065042 834.5091093236288 714.6974479060545 1085.7408756903565],[576.6771850585938 905.8247680664062 657.0752563476562 971.4208374023438],0.7250925898551941,D 2695 ,0.8839080858308227
78,72.0,[1266.7989422573887 846.248213921781 1462.0837850926127 1076.4069901131447],[1359.92236328125 923.679931640625 1453.2061767578125 988.6761474609375],0.5950918793678284,12162 Zun,0.18033141806936206
79,72.0,[1271.5449326210833 846.5149188171706 1459.3664667393214 1075.097251325133],[1362.7833251953125 920.73193359375 1445.8740234375 984.2283325195312],0.8143625855445862,12162 Zun,0.2511375133859518
79,26.0,[558.6782887648941 840.4370439235258 714.3262711385438 1084.6836427459225],[571.7757568359375 904.7596435546875 653.8472900390625 970.585693359375],0.5107808709144592,D 2695 ,0.9977743029594421
80,26.0,[560.2311846941659 842.5929110444081 714.273392767418 1082.0756028135625],[577.2061767578125 904.27734375 657.067626953125 971.9141235351562],0.6320447325706482,D 2695 ,0.9925697445869446
81,26.0,[560.8293888478254 843.5635354647303 714.0422276285481 1080.0045523904569],[580.8018798828125 904.35205078125 657.2122192382812 967.845703125],0.645476758480072,D 2695 ,0.6895631557980751
82,26.0,[561.8085700155441 844.4441417618312 712.5552377193692 1078.7886062333969],[575.2164916992188 899.8597412109375 653.3086547851562 962.8375854492188],0.7105224132537842,D 2695 ,0.5312120351888371
83,72.0,[1251.547287250793 828.1566523041885 1447.0593493934007 1075.5256577599193],[1358.8580322265625 912.1305541992188 1438.1851806640625 971.400146484375],0.5157166123390198,2162 Zun,0.35911240933606015
84,72.0,[1253.5465436376444 829.9585885283095 1446.518977355403 1076.4136222457844],[1358.7939453125 911.9500122070312 1438.2305908203125 971.3486938476562],0.5103830099105835,42162 Zun,0.19252365539647506
85,26.0,[563.9269226737723 844.2109008395641 711.513273116701 1076.40623910845],[577.5241088867188 900.2992553710938 656.7549438476562 963.7451171875],0.6218219995498657,D 2695 ,0.30945147572107473
85,72.0,[1249.446686544333 826.8623743126077 1443.6215351184899 1075.0962254626481],[1358.97509765625 911.1024780273438 1436.89599609375 975.4752197265625],0.6015568375587463,72162 Zun,0.1550803844228111
86,72.0,[1251.926867662319 831.1214209962183 1443.740670300486 1075.671045633257],[1350.6751708984375 902.8588256835938 1433.051513671875 962.9309692382812],0.5509185194969177,2162,0.6033556436353598
86,26.0,[565.6416340767805 841.611729848324 713.6435035747988 1074.8528324494594],[576.4600830078125 900.3360595703125 658.842529296875 963.403076171875],0.5160706043243408,D 2695 ,0.8040546957323675
87,72.0,[1253.1304427076936 833.7373207862274 1441.7627494846781 1073.8575020775365],[1343.981689453125 899.6973266601562 1433.58154296875 963.6212768554688],0.5404691100120544,2162Zun,0.4021699434471706
89,72.0,[1249.983472844989 823.746882111494 1436.3840540110048 1063.127796858093],[1349.6920166015625 899.8804321289062 1429.212890625 961.9619750976562],0.6319500207901001,2162 Zun,0.2393327018216285
95,94.0,[574.6815775997088 786.7570861533188 742.6885685024099 1053.8338231000405],[581.8167114257812 882.5121459960938 667.781982421875 969.7164916992188],0.7183866500854492,2695,0.9758692383766174
96,94.0,[576.3348295966056 788.3272600656474 740.517483954541 1051.9009188481862],[582.1207275390625 882.2757568359375 667.7979736328125 969.1395263671875],0.7171010375022888,2695,0.9556617736816406
99,94.0,[580.7331274176447 787.3986028735767 739.5689976274671 1045.0931534359447],[588.4282836914062 878.4116821289062 672.2217407226562 939.5700073242188],0.633858323097229,2695,0.9946010708808899
100,3.0,[795.1864650809395 680.5848178162497 1171.3166940895408 991.4788297628592],[925.9414672851562 820.3258666992188 1061.42724609375 882.258544921875],0.5003271698951721,D 1805 ,0.32742798235750126
102,3.0,[791.4914939596885 682.1823730943214 1174.4375618384947 993.7086737892811],[925.5814819335938 822.2946166992188 1057.3876953125 886.6312866210938],0.6514639258384705,D 1805 ,0.4038493527113316
107,94.0,[586.3960054337948 798.2371682579615 731.968485871513 1026.189190545029],[600.2051391601562 860.6839599609375 682.0723266601562 923.5235595703125],0.7267976403236389,26915,0.27814629808652247
112,94.0,[593.9682468473561 782.6569957991816 743.2875047381178 1010.4944859010008],[594.7298583984375 854.8536987304688 674.9628295898438 914.8280639648438],0.5444733500480652,2695,0.9728649854660034
115,3.0,[770.4760854235719 685.3675028951191 1196.4220596366263 1028.7356160054987],[919.9200439453125 844.5311279296875 1056.3936767578125 911.761962890625],0.6384132504463196,D 1805 ,0.9995126128196716
116,3.0,[768.83555259595 683.9352475512642 1197.8682557926586 1028.3802097267703],[913.97265625 847.5800170898438 1053.885498046875 908.2227172851562],0.5370534658432007,D 1805 ,0.9995867609977722
117,3.0,[766.9110576084272 683.0353633203118 1199.0688172095884 1028.6625955459438],[915.3894653320312 844.67431640625 1065.3670654296875 909.947021484375],0.6601529121398926,D 1805 ,0.9992875397381527
119,3.0,[763.719782443623 679.81474245509 1202.2139399587988 1034.7356137552958],[916.8798217773438 845.3522338867188 1059.8773193359375 912.3464965820312],0.6650348901748657,D 1805 ,0.9987823963165283
120,3.0,[761.9908637371007 680.5791463505942 1203.6810229675905 1036.519543942713],[914.458740234375 848.63671875 1061.102783203125 913.171875],0.5327035188674927,D 1805 ,0.9995185483553491
121,3.0,[759.2491529487229 682.4835251863576 1204.7622894929557 1043.5653407686107],[916.5023803710938 856.0506591796875 1055.529541015625 913.140380859375],0.7234159111976624,D 1805 ,0.9995510578155518
122,94.0,[596.2338389889554 774.9344541182986 736.4485177591629 991.7388879818825],[600.9608154296875 846.08154296875 681.0068359375 909.5096435546875],0.7109406590461731,2691,0.12701156735420227
124,3.0,[753.5903922320705 681.2591368788729 1209.064199123684 1050.6864238678959],[913.02783203125 861.7666625976562 1060.93896484375 914.0443725585938],0.5446619391441345,D 1805 ,0.9964868426322937
125,3.0,[752.0602783001513 680.6016316381105 1210.6445700939892 1050.6809961915087],[906.8908081054688 862.03857421875 1072.861572265625 922.349853515625],0.6836873292922974,D 1805 ,0.9993347346820358
126,3.0,[750.8744795775808 679.6224578735954 1212.2396579128344 1050.090822214359],[912.4662475585938 861.853271484375 1060.1033935546875 919.2581176757812],0.532455325126648,D 1805 ,0.9992834102116235
127,3.0,[749.8801661052225 679.4672101389634 1214.442400687656 1049.3672031909512],[909.2074584960938 863.3746948242188 1062.752685546875 922.5543823242188],0.5742027759552002,D 1805 ,0.9999420642852783
128,3.0,[748.3820196910036 680.6687538487352 1215.907936422169 1052.3393087545323],[911.25439453125 864.14208984375 1072.18798828125 926.3638916015625],0.5802229642868042,D 1805 ,0.9999862909317017
130,3.0,[746.7968207255471 681.5865152938361 1218.695047337771 1053.965707402145],[907.26806640625 866.1943359375 1072.07373046875 926.4554443359375],0.5520092248916626,D 1805 ,0.9999426007270813
131,3.0,[745.5445522976414 681.9822016015287 1219.6656387016415 1055.4910341922618],[908.8086547851562 867.835693359375 1074.3729248046875 929.6568603515625],0.5692408680915833,D 1805 ,0.999912440776825
132,3.0,[744.3089510660645 682.2884718954856 1220.4630788972597 1055.8083598669134],[911.964111328125 872.3161010742188 1067.876953125 925.5397338867188],0.7004563808441162,D 1805 ,0.9999027252197266
133,3.0,[743.1569731581133 683.0896498513323 1221.214650423268 1057.1521722596476],[911.0367431640625 873.5908813476562 1058.0013427734375 933.9281616210938],0.6849414110183716,D 1805 ,0.9999784231185913
134,3.0,[741.4957809352322 683.5223933162858 1221.9058165102174 1058.053015095146],[910.98291015625 874.4886474609375 1058.057373046875 933.3775634765625],0.6354355216026306,D 1805 ,0.9998652935028076
135,3.0,[739.5075730619898 683.4001193251306 1222.730364765143 1058.9876708313927],[912.0457763671875 874.2183837890625 1059.6075439453125 930.5643310546875],0.7489702105522156,D 1805 ,0.9999377131462097
136,3.0,[738.2810103676542 683.773092348114 1223.815210733093 1060.632566712305],[909.8280029296875 875.3111572265625 1065.686279296875 936.5277099609375],0.5384188294410706,D 1805 ,0.999993622303009
137,3.0,[737.144358026354 683.8402129850161 1224.8909429132718 1061.4428249153545],[912.8067626953125 869.7753295898438 1064.523193359375 935.8846435546875],0.6220253705978394,D 1805 ,0.9999253749847412
138,3.0,[736.4628124592856 685.2047547246477 1226.2331083197769 1064.891618887762],[911.4638671875 872.133544921875 1067.2236328125 936.0574951171875],0.7695912718772888,D 1805 ,0.9999953508377075
139,3.0,[736.834982332799 684.45207256759 1227.8342802913376 1065.7756339740263],[906.8578491210938 873.6948852539062 1067.405029296875 935.9598999023438],0.6238311529159546,D 1805 ,0.7750971532754052
140,3.0,[736.3540070467457 684.7173850753081 1228.797642906228 1067.1624352634592],[907.186767578125 880.0570678710938 1071.9276123046875 935.0297241210938],0.5525180697441101,D 1805 ,0.9996437091359422
141,3.0,[735.9861783864358 684.8046473575232 1229.955249221469 1067.742553211596],[909.6824340820312 874.6957397460938 1071.3582763671875 936.8223266601562],0.6227766275405884,D 1805 ,0.9999822974205017
142,3.0,[735.787257378679 684.6656933749298 1231.240963107374 1068.4050213420592],[910.4996337890625 881.19091796875 1066.25146484375 936.2000122070312],0.7131742835044861,D 1805 ,0.9999597668647766
143,3.0,[735.1699519844366 684.5092153872802 1231.6838305808492 1069.1066413079982],[912.6557006835938 880.7464599609375 1063.2716064453125 936.639404296875],0.7594962120056152,D 1805 ,0.999812662601471
144,3.0,[734.9014334292644 684.1078912399846 1232.3332581730524 1069.4378774462368],[913.0530395507812 880.601806640625 1062.278076171875 936.6807861328125],0.7387692332267761,D 1805 ,0.9999929070472717
145,3.0,[734.7615796834335 683.9218162507938 1233.0820400186499 1069.7958543097316],[911.7344970703125 881.7859497070312 1064.2987060546875 936.4462280273438],0.7266016602516174,D 1805 ,0.9999734163284302
146,3.0,[734.5360271468685 683.4164112157728 1233.623195885453 1069.7519382816952],[910.8515625 882.091552734375 1066.2203369140625 936.3057861328125],0.7099828124046326,D 1805 ,0.9998966455459595
147,3.0,[734.2911231517805 683.1991391891097 1233.9618779920245 1069.9594427413767],[910.9432983398438 882.1506958007812 1066.160888671875 936.3012084960938],0.707558810710907,D 1805 ,0.999897837638855
148,3.0,[734.4919670443014 683.3111102210602 1234.8362755422554 1070.2084023975776],[911.3886108398438 882.7115478515625 1066.4832763671875 936.47314453125],0.7020257115364075,D 1805 ,0.9999974370002747
149,3.0,[734.4866584091799 683.4359400987012 1235.4606918944728 1070.2280906813644],[910.675048828125 881.5411376953125 1066.99072265625 936.5196533203125],0.7167075872421265,D 1805 ,0.9864560889264914
149,153.0,[1281.986875889765 858.4493559620196 1493.3288142518822 1059.6674897539144],[1385.5650634765625 973.680908203125 1478.7679443359375 1054.3099365234375],0.6646954417228699,5053,0.512409508228302
150,153.0,[1273.3585190131803 844.3795466314409 1475.4707092211797 1047.8857477814192],[1375.6875 967.9068603515625 1468.8680419921875 1033.71728515625],0.7756202816963196,5933,0.56538694786748
150,3.0,[734.1816844303595 683.6394638308138 1235.5508816867427 1070.421106331756],[910.5228881835938 880.9169311523438 1068.7596435546875 936.9603881835938],0.7122328877449036,D 1805 ,0.9999911785125732
151,3.0,[733.9234908930686 683.4413865601072 1235.498211867815 1069.9840456937561],[910.6012573242188 880.9061279296875 1068.2266845703125 936.90087890625],0.7037902474403381,D 1805 ,0.9495398827331739
151,153.0,[1261.5283005240647 836.7907994793346 1459.2878536893193 1053.4893173545145],[1370.684814453125 960.2382202148438 1446.445068359375 1020.2546997070312],0.6311830282211304,5855,0.4495561718940735
152,153.0,[1255.38261272623 834.2430216973288 1445.9943054592673 1058.4168876565027],[1351.037109375 947.6442260742188 1439.2149658203125 1012.8045043945312],0.7699390649795532,5055,0.4482262134552002
152,3.0,[734.0101083245129 683.1379572741964 1235.6825361090334 1069.7307399273768],[910.5001831054688 880.7338256835938 1068.3544921875 936.8941040039062],0.6917163133621216,D 1805 ,0.9986050295488084
153,153.0,[1254.8378314226268 831.022528558435 1440.664926081093 1061.9566245251563],[1350.834228515625 947.6690063476562 1439.4063720703125 1012.8651733398438],0.7723991870880127,ME,0.9039992510415099
153,3.0,[734.044558148132 683.0454588606344 1235.775813507598 1069.6453351401128],[910.4564819335938 880.7353515625 1068.3631591796875 936.8985595703125],0.6909046769142151,D 1805 ,0.999037290232165
154,3.0,[734.1551967102707 682.4638914473948 1235.636473130923 1069.1628213214653],[910.6243286132812 880.5025634765625 1068.8255615234375 936.936767578125],0.7147510051727295,D 1805 ,0.9999892711639404
154,153.0,[1251.4214525966925 819.5374654192316 1432.200056989311 1059.817593058649],[1342.405517578125 941.9324340820312 1424.136962890625 999.9669799804688],0.606560230255127,F 5065 P,0.12066703282344836
155,153.0,[1247.9925119129118 817.6207897552265 1414.1544572146734 1051.2840704722921],[1320.487060546875 924.404296875 1399.242919921875 990.8126220703125],0.7668763399124146,F 5065 P,0
155,3.0,[734.3468079928814 681.9365372625166 1235.1601319849995 1068.430067974759],[911.3106079101562 881.0571899414062 1068.7109375 936.3466186523438],0.7123793363571167,D 1805 ,0.9999778270721436
156,3.0,[734.3088809068926 682.0660583114606 1234.2705495771127 1068.3667982001125],[912.1608276367188 880.4146728515625 1069.176513671875 935.6958618164062],0.7225114107131958,D 1805 ,0.9999954700469971
157,3.0,[734.9021801151803 681.840382514074 1234.0819529057267 1067.7420660316116],[912.3587646484375 881.2831420898438 1069.4749755859375 935.4332885742188],0.722186267375946,D 1805 ,0.9999971389770508
158,3.0,[735.0488585605561 682.1268028312866 1233.2221657163427 1067.5677193428264],[914.548828125 881.4757690429688 1068.05859375 935.1447143554688],0.7101324796676636,D 1805 ,0.9999905228614807
158,153.0,[1240.4727519456892 803.4460265847475 1379.4528604330117 1014.1330811292631],[1297.874267578125 901.3846435546875 1373.85205078125 972.017578125],0.5783649682998657,F 5065 P,0.005190093070268631
159,3.0,[735.4692743469973 682.6514544111117 1232.8248158023684 1067.976119369174],[916.12646484375 881.7608642578125 1068.85107421875 935.1353759765625],0.7191144227981567,D 1805 ,0.9999953508377075
160,3.0,[736.0546808005898 682.6554202382125 1232.7595233932743 1068.0245925871795],[917.1536865234375 881.879150390625 1070.052978515625 934.9053955078125],0.7041966915130615,D 1805 ,0.9999732971191406
161,3.0,[736.7707536484324 682.4952576602295 1233.2108113082943 1067.7795960055355],[915.4592895507812 879.8712768554688 1070.8892822265625 934.598388671875],0.7001330852508545,D 1805 ,0.9999255537986755
162,3.0,[737.0158949001425 682.165135032181 1232.6056439572537 1067.2873880252453],[912.3579711914062 877.0867309570312 1071.2286376953125 936.0765380859375],0.7092096209526062,D 1805 ,0.9989046338188847
163,3.0,[737.7249972165162 682.071302588796 1231.977693119627 1066.8584376997035],[912.6346435546875 875.7188110351562 1070.3675537109375 933.5638427734375],0.5647703409194946,D 1805 ,0.9999949336051941
166,3.0,[740.0336132102357 683.2049844385374 1229.6507108117034 1066.0314880851727],[909.9454345703125 873.51416015625 1070.165283203125 935.9095458984375],0.5050421357154846,D 1805 ,0.9999905824661255
167,3.0,[740.6096787161471 683.9727634041564 1228.2073780714397 1064.8352730962156],[912.4658813476562 873.8692016601562 1068.6617431640625 936.2601928710938],0.6995542049407959,D 1805 ,0.9998652338981628
168,3.0,[741.786293023782 683.0530301455326 1227.8946815061026 1062.3687114907414],[911.6478881835938 876.635986328125 1068.623046875 935.9683837890625],0.6855272650718689,D 1805 ,0.9999635219573975
169,3.0,[742.6272608543433 683.0747999693227 1227.0229045238443 1060.8363089280954],[913.2218627929688 882.3239135742188 1069.0859375 936.2140502929688],0.513785719871521,D 1805 ,0.9999555349349976
170,3.0,[743.5674364067147 682.9769927734151 1226.0633145747315 1060.1314007412968],[913.0206298828125 870.3330688476562 1068.153076171875 934.9561157226562],0.5579631924629211,D 1805 ,0.9710193334537311
171,3.0,[744.0250220377748 683.9551624589748 1224.709256108872 1062.042631943278],[917.8592529296875 870.5266723632812 1067.044921875 935.4033203125],0.7064200043678284,D 1805 ,0.9999337792396545
172,3.0,[744.5804773115033 685.6391461430132 1223.1061581791748 1065.1190127348482],[910.7276000976562 869.9462280273438 1066.39501953125 936.7498779296875],0.7375372052192688,D 1805 ,0.9999939203262329
173,3.0,[746.0612641414995 686.2477783882423 1222.4222418987297 1066.1884054843977],[915.2783203125 874.3613891601562 1068.4669189453125 926.6596069335938],0.6613103747367859,D 1805 ,0.9999434351921082
174,3.0,[746.8334231034992 686.5741174291096 1221.7828396406603 1067.028363116523],[906.6901245117188 869.76123046875 1074.7603759765625 935.6693115234375],0.5445619225502014,D 1805 ,0.9999432563781738
175,3.0,[748.178774127193 686.4386214688898 1220.7620334487774 1067.0320360198089],[913.1326904296875 866.59716796875 1072.0701904296875 935.0694580078125],0.6364657878875732,D 1805 ,0.9998891949653625
176,3.0,[750.1158244287612 685.3259475770487 1220.1591222383665 1063.6240224099624],[920.2657470703125 863.8566284179688 1072.1407470703125 929.1901245117188],0.5066685676574707,D 1805 ,0.9999963045120239
178,3.0,[753.5130590591145 685.6842924953376 1217.852882635547 1063.7863185927824],[912.9166259765625 864.3462524414062 1077.9078369140625 934.9165649414062],0.531501293182373,D 1805 ,0.999985933303833
181,148.0,[1309.0921198339654 621.7790460694154 1917.9563127917556 1078.234514018579],[1802.171630859375 848.5556640625 1915.20556640625 917.0966186523438],0.7505567669868469,1015,0.9998857975006104
182,148.0,[1303.5814718112206 623.0152690825662 1917.6558951207971 1075.808138612678],[1785.9818115234375 844.1400146484375 1913.9857177734375 906.516357421875],0.7942839860916138,1015,0.9997752904891968
183,148.0,[1298.0963158083096 623.2933534621272 1917.4682852471547 1074.118078549407],[1766.315673828125 836.3349609375 1912.703369140625 902.4210205078125],0.8168311715126038,1015   AAC],0.3283874028008954
184,148.0,[1293.8944565440706 622.3632030624241 1917.8745610503825 1070.9383647867967],[1745.824951171875 833.7147216796875 1904.275634765625 891.5509643554688],0.8140300512313843,1015   AAC,0.3700343576733031
185,148.0,[1290.5424740890235 621.0006199795699 1918.402605033084 1065.2654443749686],[1731.929443359375 820.0357055664062 1886.930419921875 887.096435546875],0.8591522574424744,1015   AAG],0.27134814576556193
186,148.0,[1286.0252894420348 620.0624791233453 1918.5163906733544 1058.6743768017625],[1717.642822265625 823.4296875 1868.794921875 877.6343994140625],0.8029801249504089,1015   AAG],0.2848857912516138
187,148.0,[1281.8525115902592 622.1520501871177 1918.7933029969838 1057.497172189785],[1704.93017578125 822.958740234375 1847.555419921875 877.2821044921875],0.8081713318824768,1015   AAGi,0.28679172001657993
188,148.0,[1276.4626766192498 621.4809379223092 1917.064425005385 1048.9759525543645],[1686.4271240234375 817.6475830078125 1834.0438232421875 882.030029296875],0.8570423722267151,1015   AACI,0.31800156929084905
189,148.0,[1268.885412178899 623.5726657695808 1908.296023156829 1044.567828356831],[1672.440673828125 815.6119995117188 1814.63671875 878.079345703125],0.7868244647979736,1015   AACi,0.20205666349007173
190,148.0,[1265.4110456272158 623.6990282490468 1905.167718387155 1038.8285799653459],[1659.407958984375 815.02685546875 1800.6826171875 874.2281494140625],0.6797165274620056,1015  AACI,0.36900890814306636
191,148.0,[1258.9744110819506 626.3760314516986 1895.4043287310828 1037.3140534655424],[1645.4066162109375 810.2103881835938 1777.8863525390625 871.4829711914062],0.7654457092285156,1015  AACL,0.414035279933027
192,148.0,[1251.8087174946882 625.5365308401718 1883.7177729511218 1029.4837947986923],[1626.4827880859375 807.9276733398438 1764.998779296875 878.1705932617188],0.7410457134246826,1015   AAGI,0.24875176016715048
193,148.0,[1245.1237339863922 625.8720983674347 1870.350150753107 1022.6230759123065],[1619.1734619140625 806.4867553710938 1754.8919677734375 874.2352294921875],0.6925585865974426,1015   AACI,0.38281753121357986
194,148.0,[1239.5407510810155 626.9465994964573 1856.224981046788 1016.4733109077795],[1601.5631103515625 803.2078857421875 1739.1038818359375 866.7357788085938],0.8004125952720642,1015   AACI,0.3552112573926909
195,148.0,[1235.4457632341855 629.4391267795842 1841.533168857853 1013.9894312932212],[1594.72705078125 803.2380981445312 1736.6103515625 860.6808471679688],0.7538267374038696,1015   AACI,0.25982272625635183
195,3.0,[774.9808040749243 688.5262014612213 1197.2545260658358 1032.0929284767328],[918.0444946289062 845.9857177734375 1065.17626953125 911.6627197265625],0.6611605882644653,D 1805 ,0.9999258518218994
196,148.0,[1230.25474567779 631.4038110874476 1826.0389679278953 1009.9725143382946],[1581.3907470703125 798.3466796875 1710.621826171875 860.5393676757812],0.8198174238204956,1015   'AACI,0.24733678691420735
196,3.0,[775.8119654977586 687.8903247711846 1195.6637798444356 1027.6693984662352],[923.252197265625 845.8967895507812 1061.4788818359375 910.9285278320312],0.7773616909980774,D 1805 ,0.9999258518218994
197,148.0,[1225.573298601107 631.4462141052288 1810.452735431311 1002.6171516202176],[1569.0509033203125 800.3300170898438 1691.8194580078125 859.1365356445312],0.7811988592147827,1015   AACL,0.2732296797151813
197,3.0,[776.5550876966252 688.637527643616 1194.0250012800398 1026.0616936716601],[918.533203125 844.579345703125 1065.21240234375 910.1129760742188],0.5653666257858276,D 1805 ,0.9995250105857849
198,148.0,[1221.8329244213912 633.156810102908 1795.5379044703661 997.7581923555323],[1557.0322265625 794.5338134765625 1683.2724609375 858.7576904296875],0.8317563533782959,71015   AaCi,0.10360265147013838
198,3.0,[777.6717725615821 691.1093643230354 1192.500549470557 1029.0931783706685],[925.4300537109375 845.2511596679688 1062.3980712890625 912.09912109375],0.5627588629722595,D 1805 ,0.9971462488174438
199,148.0,[1217.7165687846884 634.8578751874936 1779.9953755825293 994.4107167703803],[1543.9447021484375 795.2996215820312 1668.3311767578125 853.697998046875],0.8006260991096497,1015   AACi,0.20277763384166267
200,148.0,[1214.724628206519 633.9806875586588 1766.6408603683508 988.8383816641623],[1538.0042724609375 794.7147216796875 1655.6334228515625 852.9583740234375],0.7707343697547913,1015   AACI,0.1276155196578362
201,148.0,[1213.0361620650426 633.9601414893624 1755.0412661912571 983.8900179351725],[1528.3621826171875 787.6165161132812 1660.576904296875 845.1722412109375],0.7479833364486694,1015   AAgi,0.14229509208640204
202,148.0,[1209.1855272525381 635.7917743184537 1741.7533647056325 979.5120301216675],[1517.4041748046875 782.6676635742188 1641.2991943359375 837.6278686523438],0.7307296395301819,1015   AAGI,0.22538097311949415
203,148.0,[1203.017182654702 635.5613421130895 1723.469224203011 973.5216864948372],[1500.3681640625 775.122802734375 1619.305419921875 833.8121337890625],0.6693055033683777,1015   AAG},0.09708588078996347
204,148.0,[1199.1716173767206 636.2148499956089 1708.245191922368 969.4942586298313],[1498.963623046875 778.0938720703125 1610.9615478515625 833.4153442382812],0.7430021166801453,41015   AAgi,0.047901194080441224
205,148.0,[1195.5804336323095 635.9595244942516 1695.5361596727134 965.3624130931828],[1484.026611328125 774.8867797851562 1598.7535400390625 829.7704467773438],0.6860408186912537,41015   AAGL,0.05202125024297999
205,3.0,[788.0119102722247 684.2088453200241 1182.9024852371438 999.6359059010034],[934.3434448242188 836.8781127929688 1053.1385498046875 889.3257446289062],0.6058927178382874,D 1805 ,0.9989598393440247
206,148.0,[1193.1187493024997 635.891576318927 1683.0604776460398 961.2785736414253],[1477.2938232421875 772.2493286132812 1589.739013671875 828.3605346679688],0.6624119877815247,471015   AAg,0.06917189045992168
206,3.0,[789.3916715489709 684.548248918323 1180.6279316375387 994.4231362106057],[928.5851440429688 832.871337890625 1064.9710693359375 889.65234375],0.557711660861969,D 1805 ,0.9957255721092224
207,148.0,[1191.361400478638 635.577279990898 1671.3724922866165 955.869135616178],[1470.275390625 772.7172241210938 1584.8909912109375 828.10205078125],0.5934718251228333,471015  AGi,0.0331915907856619
208,148.0,[1190.0091055881571 637.1966586491181 1661.266765938491 952.5414617406685],[1460.9737548828125 770.19091796875 1570.0423583984375 826.4451293945312],0.5369775295257568,1015  AaGi,0.13325509899565513
209,148.0,[1188.3910196480253 638.9754712161088 1651.1821560210667 951.5459868039885],[1461.5364990234375 767.093994140625 1564.166748046875 825.0047607421875],0.5890387892723083,41015  AaGi,0.018885543995347445
210,148.0,[1186.3810306501953 639.2824498755856 1640.5436952723937 947.1435177627811],[1450.9088134765625 766.9700317382812 1556.19775390625 826.7411499023438],0.5775789618492126,41015   AAUI,0.10459383880050506
214,148.0,[1180.5257660396262 640.7969338271494 1604.0174557795347 934.31758758002],[1423.3505859375 758.8925170898438 1526.2728271484375 822.2510375976562],0.5154650211334229,7015  AACI,0.113459709459852
215,148.0,[1178.9271453758379 641.637082754865 1594.6884061666915 930.8470984366703],[1418.4151611328125 757.75732421875 1517.1778564453125 815.8233642578125],0.5760156512260437,1015   Aaoi,0.08207104650883268
216,148.0,[1177.1582950901557 642.7366657600121 1585.4170161301568 928.1762851497792],[1409.05810546875 755.1005859375 1517.1683349609375 810.0172119140625],0.6238175630569458,410i5 , Aag],0.02126818460141761
218,148.0,[1173.2650786341874 642.4246153400375 1568.8445161788804 921.3691418690635],[1405.0938720703125 754.1947631835938 1496.4144287109375 808.5362548828125],0.6335029006004333,I0 1015   Aagi,0.11087793287872014
257,217.0,[1289.3457044074876 597.2834460941501 1919.7364665111213 1080.1493164526696],[1794.873046875 835.29345703125 1915.771728515625 918.489990234375],0.6630896329879761,1733,0.2841636538505554
258,217.0,[1285.4684279253988 599.9222381366405 1919.9669696872961 1079.7524474006746],[1776.46875 834.3728637695312 1912.546142578125 915.7557373046875],0.5445088744163513,1733,0.9995355010032654
260,217.0,[1278.3447446091095 603.1607022024292 1920.4437069820733 1077.8207587608083],[1737.0867919921875 832.8402099609375 1917.2860107421875 913.582763671875],0.6814705729484558,GU,0.9976642627817168
260,3.0,[839.4181642936979 693.3556797045118 1132.9642730704172 935.7218074104636],[932.327880859375 785.5797729492188 1042.2332763671875 838.1200561523438],0.5199825167655945,D 1805 ,0.6049028042779325
261,217.0,[1273.8314569910337 605.9107814584547 1920.0770866971322 1077.6192141863],[1737.2431640625 831.97119140625 1906.291259765625 905.51220703125],0.7912467122077942,1733,0.9994078427515034
261,3.0,[839.9414683692676 692.5389518502357 1131.7114309078468 935.1175352850435],[934.324951171875 785.2512817382812 1044.219482421875 837.3367309570312],0.5034341216087341,D 1805 ,0.9259728193283081
262,217.0,[1269.5568249955163 607.1628903919739 1919.8940185294236 1074.7604700224376],[1716.869384765625 820.0598754882812 1893.3336181640625 893.9478759765625],0.7708537578582764,1733,0.9994561076164246
262,3.0,[840.9675654694012 692.1557212362846 1130.9459554822338 933.8922959260982],[935.2969360351562 784.9266357421875 1045.8690185546875 837.4077758789062],0.5160808563232422,D 1805 ,0.9984499381320082
263,217.0,[1265.045921963879 606.6208707955627 1919.8606027950148 1068.1665003757985],[1683.1590576171875 815.559814453125 1875.5333251953125 900.9078369140625],0.7016341686248779,1733,0.9958961606025696
264,217.0,[1259.060801830393 608.7283878020988 1919.278744669068 1065.7670527192831],[1673.772216796875 816.8056640625 1857.3760986328125 888.662109375],0.8098734021186829,GU,0.9939300260096097
265,217.0,[1254.3403619828762 606.5762280788746 1919.438722877231 1058.0288271702962],[1651.0118408203125 809.3567504882812 1834.6219482421875 887.3882446289062],0.7902805805206299,1733,0.998134434223175
265,3.0,[843.8618708590177 691.9606573453507 1129.6753120983326 927.4845748773193],[938.6380004882812 785.1542358398438 1039.5726318359375 837.7227172851562],0.5808221101760864,D 1805 ,0.11320620173854154
266,217.0,[1250.3845565356119 606.2325603224358 1919.9143828721399 1052.500285619402],[1639.43603515625 805.109619140625 1820.3592529296875 884.603759765625],0.7553539872169495,GU,0.9907372740198651
266,3.0,[844.7035074673756 692.1742283732918 1129.2817022310628 925.5304841930605],[941.010498046875 785.8436279296875 1038.2486572265625 838.46044921875],0.6158496141433716,D 1805 ,0.9949455376541564
267,217.0,[1246.9204186406685 607.9526713680373 1920.1498493274664 1049.6233904956764],[1646.054931640625 809.3428955078125 1798.0247802734375 873.416259765625],0.7937886118888855,1733,0.9996135830879211
267,3.0,[845.1249856151013 692.7205199565634 1128.7881381962047 924.6874820234422],[941.5214233398438 785.4512329101562 1038.336181640625 838.6371459960938],0.6006579995155334,D 1805 ,0.7199389940751472
268,217.0,[1242.4020907312197 608.1514721961441 1915.5511669589096 1045.4800828213818],[1619.4407958984375 806.1271362304688 1790.783935546875 872.0418090820312],0.780288815498352,1733,0.9991312623023987
269,3.0,[846.7028483911342 692.0883802003366 1128.3888454074151 922.4628113238334],[944.3728637695312 786.6198120117188 1036.0965576171875 839.2066040039062],0.500876247882843,D 1805 ,0.9988953413027917
270,217.0,[1230.147810941889 608.7522908691499 1891.8565862871405 1036.6346561202215],[1601.8214111328125 786.8928833007812 1764.6875 864.3897094726562],0.675826907157898,1733,0.9993413090705872
271,217.0,[1225.8503802581222 609.1857424191766 1880.7409388374867 1031.1382631126844],[1595.9483642578125 790.4674072265625 1751.8974609375 861.815185546875],0.7702333927154541,1733,0.9993951320648193
274,217.0,[1215.2757737878887 612.6251420447026 1840.9015967182277 1014.3836195703524],[1566.0948486328125 784.9998779296875 1716.6031494140625 845.7506103515625],0.7446426153182983,1733,0.9982247948646545
275,217.0,[1210.6291115236393 612.2253263236122 1822.8085233093755 1006.7873872220442],[1549.3916015625 785.0333862304688 1695.463623046875 845.0694580078125],0.7813037633895874,1733,0.9996005892753601
276,217.0,[1206.6639566290492 612.0934158565735 1806.377708760223 1000.511739680567],[1536.345703125 775.1878051757812 1692.898681640625 842.8405151367188],0.7886696457862854,1733,0.9990329146385193
277,217.0,[1203.3639579344654 614.0526985316552 1791.6926333607275 995.9965028748928],[1529.4144287109375 769.6146240234375 1679.1485595703125 841.2802734375],0.6694806814193726,1733,0.978692352771759
278,217.0,[1199.8437595707148 616.1204504744244 1777.4635837306657 992.1575454279482],[1513.8125 770.6900634765625 1673.8243408203125 841.7780151367188],0.6777825951576233,1733,0.9953283667564392
279,217.0,[1197.59732739755 616.7948022922782 1765.7958967724217 987.6087148590142],[1519.00830078125 769.8967895507812 1664.0069580078125 839.083740234375],0.8214966058731079,1733,0.6972650032441751
280,217.0,[1196.7068120869708 617.4637287149066 1755.6342161283656 982.8823478603573],[1504.4102783203125 764.9813232421875 1655.712890625 836.5411376953125],0.6318976283073425,1733,0.8859655060980679
281,217.0,[1195.4428409476827 618.0017385582239 1745.163920800962 979.8537403600055],[1499.5150146484375 761.7216796875 1644.9931640625 838.7495727539062],0.8218185305595398,1733,0.9567965256164807
282,217.0,[1193.7022874623049 619.2491205655381 1733.3108689867445 976.499831283724],[1486.584228515625 761.8297119140625 1626.3929443359375 838.2381591796875],0.753510057926178,GU,0.9840053177704228
283,217.0,[1192.2255521207414 619.9475277592621 1722.399210069386 973.2661878386837],[1480.0191650390625 761.4913330078125 1626.3299560546875 827.4788818359375],0.5509666204452515,GU,0.9922536284695982
284,217.0,[1191.7090868728592 620.6965691165631 1713.320699518123 970.173764961246],[1475.2064208984375 760.7515869140625 1612.7545166015625 828.7108154296875],0.6457585692405701,1733,0.8170296787903057
285,217.0,[1189.6794343972679 620.4733008406253 1702.663951991461 965.0717667425957],[1471.612060546875 759.643798828125 1602.1849365234375 826.2191162109375],0.711502730846405,T 733 GUR,0.0484656090433423
286,217.0,[1189.797303832965 620.4483139044798 1694.6483820793123 961.363199048104],[1463.1083984375 753.6024780273438 1597.7308349609375 828.4706420898438],0.7674931883811951,T 733 GUR,0.9034362435340881
287,217.0,[1187.9456757891749 620.4711180505758 1686.3335760350196 958.0822482051253],[1459.3338623046875 753.4974975585938 1595.6953125 820.7601928710938],0.7795951962471008,T 733 GUR,0.9183442517240609
288,217.0,[1184.3658333293556 620.6093407119681 1675.8704302760439 955.5507614575913],[1461.0609130859375 754.831787109375 1584.6419677734375 819.6148681640625],0.7263268828392029,T 733 GUR,0.8770207850839458
289,217.0,[1183.366740065069 620.909226986071 1668.4047602201647 951.9742025405055],[1456.549560546875 754.9464111328125 1581.4278564453125 817.412841796875],0.7527256011962891,T 733 GUR,0.9743553400039673
290,217.0,[1182.1182864246798 622.9175461605513 1661.1781650584535 952.4297404119692],[1450.731201171875 754.654541015625 1572.512451171875 821.830078125],0.6859996914863586,T 733 GUR,0.9607032347731228
291,217.0,[1180.7304464975302 622.361407828995 1654.182112250632 948.0686255970352],[1441.4407958984375 754.60693359375 1568.3468017578125 822.0355224609375],0.6884494423866272,T 733 GUR,0.9556985650802903
292,217.0,[1179.55354286306 624.3442275239014 1647.7579920187118 945.1502037842757],[1438.1905517578125 756.2408447265625 1555.2637939453125 819.0028076171875],0.7023716568946838,T 733 GUR,0.9903252124786377
293,217.0,[1178.5277277087298 625.8517951541132 1641.321281101692 942.6698743900754],[1429.9912109375 752.2034912109375 1551.1334228515625 817.728515625],0.6493648886680603,T 733 GUR,0.8954117894172668
294,217.0,[1176.7793804966072 627.5201813654005 1633.5484337132461 941.2058568391897],[1418.46142578125 752.91796875 1550.501220703125 818.11083984375],0.6538473963737488,T 733 GUR,0.8647914901759153
295,217.0,[1176.1043042399601 628.7054003567717 1627.1172513927922 939.1117281653104],[1421.3140869140625 752.9060668945312 1545.83935546875 822.4465942382812],0.775519609451294,T 733 GUR,0.9794110059738159
300,217.0,[1169.0025942904476 630.6949746880207 1592.7959518390971 927.0107970673205],[1390.528564453125 740.9439697265625 1510.559326171875 826.1467895507812],0.7172421813011169,T 733 GUR,0.1449299454689026
301,217.0,[1166.6591410171136 630.7089064057611 1587.1086782852085 924.7709892367773],[1393.6307373046875 745.1217651367188 1506.186279296875 807.2011108398438],0.646316409111023,T 733 GUR,0.6823664307594299
302,217.0,[1163.1238317901266 630.806595488375 1580.7450748771307 922.1938652008528],[1392.8828125 745.4584350585938 1499.783203125 805.7611083984375],0.639194130897522,T 733 GUR,0.0676279067993164
303,217.0,[1161.24585650788 630.3826636320741 1575.942226413903 920.5718681585745],[1385.712158203125 744.8772583007812 1494.0794677734375 805.0552368164062],0.6006380915641785,T 733 GUR,0.04878393933176994
305,217.0,[1158.58434499524 629.4651677032455 1567.3027524446707 917.4426637479812],[1385.9219970703125 739.96875 1486.0458984375 803.9426879882812],0.5695073008537292,T 733 GUR,0.04828331992030144
306,217.0,[1157.7055954749208 628.9318775580476 1562.8070059991155 914.7643443104058],[1381.46630859375 738.4077758789062 1484.3470458984375 804.6718139648438],0.511524498462677,T 733 GUR,0.026858171448111534
307,217.0,[1156.1329071928833 629.2951868596458 1557.4662707743303 913.7099032478304],[1367.135009765625 734.2203369140625 1479.95068359375 802.3829956054688],0.6374932527542114,T 733 GUR,0.23513482511043549
308,217.0,[1154.6832889130649 629.4276513060955 1552.453840648114 913.1805097568275],[1364.8839111328125 734.3827514648438 1477.537841796875 801.4454956054688],0.7797607183456421,T 733 GUR,0.09166885912418365
309,217.0,[1152.8037455231586 629.8213623077481 1548.1500960361961 913.0201639610777],[1362.996826171875 736.8312377929688 1473.580810546875 803.3783569335938],0.6331278085708618,T 733 GUR,0.038470033813753746
310,217.0,[1152.5676798009492 629.8980076015137 1545.8267734802582 911.8295858011859],[1361.05126953125 738.1514892578125 1468.75927734375 805.0042114257812],0.7117129564285278,T 733 GUR,0.03145928188865015
311,217.0,[1150.3654177243857 630.8502061431874 1540.7221129823915 911.314583782381],[1361.4056396484375 736.1488037109375 1462.0301513671875 798.86865234375],0.7605805397033691,T 733 GUR,0.24089595675468445
312,217.0,[1148.3636384767167 630.9171649740031 1536.1310038182748 909.7669340665659],[1364.01318359375 738.066162109375 1460.6287841796875 800.4483642578125],0.6385717391967773,T 733 GUR,0.5622360110282898
315,217.0,[1143.882420083485 631.6225981733135 1525.2893306708013 905.0970632291976],[1355.4716796875 733.9268188476562 1452.289794921875 798.8611450195312],0.5844614505767822,T 733 GUR,0.020905688405036926
318,217.0,[1138.0893539184297 633.8393762108569 1513.2192200849393 901.777981786762],[1338.279541015625 730.2261352539062 1446.4725341796875 803.1063232421875],0.5868735313415527,T 733 GUR,0.44859522581100464
319,217.0,[1137.3978429915926 634.2781723440457 1511.4515808716685 901.4060239795881],[1338.0860595703125 730.4697875976562 1442.5712890625 801.4033813476562],0.7068917751312256,T 733 GUR,0.08171887129903636
320,217.0,[1135.6391063081433 634.1532154077634 1507.0802226275823 900.144679449274],[1340.6923828125 731.0903930664062 1435.2672119140625 795.1507568359375],0.6665105223655701,T 733 GUR,0.36524530241906983
321,217.0,[1133.9237758147917 634.1820188113315 1503.2988357528882 898.162397910224],[1335.1324462890625 731.1741943359375 1430.2685546875 795.791015625],0.6357287764549255,T 733 GUR,0.1423962783596443
322,217.0,[1132.7349006383763 634.6993514703908 1500.2913115808476 897.3765533742554],[1334.5645751953125 731.7028198242188 1431.718505859375 797.63525390625],0.5411319732666016,T 733 GUR,0.024798348546028137
323,217.0,[1131.9973968317563 634.3080180871227 1497.467581267436 894.3053350536973],[1329.878173828125 731.96484375 1429.7142333984375 796.2117919921875],0.7622729539871216,T 733 GUR,0.030619531869888306
329,285.0,[1117.3228419647203 641.1320278721497 1473.681835018535 890.975120826011],[1311.1590576171875 732.33984375 1413.2952880859375 801.809326171875],0.7389043569564819,M,0.3701169652431169
330,285.0,[1115.6475632179279 641.6255337353673 1471.5067829948655 890.8265686477871],[1314.7503662109375 732.725830078125 1408.1136474609375 794.0218505859375],0.7172569036483765,1733,0.29801917077451506
331,285.0,[1112.8553121135324 641.8719008114776 1467.4418886367607 890.4383150307722],[1315.40478515625 734.165771484375 1408.3861083984375 798.6566162109375],0.6291659474372864,1733,0.48484259843826294
342,285.0,[1077.6781696388853 644.0336359933543 1430.9440844956844 885.1223203166875],[1285.659423828125 732.8980102539062 1373.6763916015625 796.9135131835938],0.515225350856781,Tuj,0.0076103292603591464
344,285.0,[1070.7190676232553 645.7441155626583 1425.8501756492196 885.6522839827002],[1283.378173828125 732.7391967773438 1373.8992919921875 800.162841796875],0.5383092761039734,Ij,0.0368677816731863
345,285.0,[1066.8149802083267 646.7259071248257 1422.1894654471034 886.1016387042291],[1278.2091064453125 732.7992553710938 1376.0914306640625 798.6425170898438],0.5211697816848755,I,0.30499885583526876
346,285.0,[1062.0880448342803 647.5599295029058 1417.7164551273079 886.7332635161761],[1272.3287353515625 733.351318359375 1368.868896484375 813.6529541015625],0.5581320524215698,Iiji,0.03409109264612198
349,285.0,[1048.530207715894 647.3952873399071 1407.3859433202724 885.2943175487269],[1268.130615234375 732.1727294921875 1353.2823486328125 800.0339965820312],0.6713969111442566,18,0.09914785087206925
350,285.0,[1044.4601756472573 646.3284243594643 1403.7670409004797 884.2677741697333],[1265.956298828125 732.5782470703125 1349.75244140625 797.712158203125],0.7275848388671875,T,0.045939930641704985
351,285.0,[1039.1908879284988 645.1620513310836 1399.4496401897763 883.1417076734635],[1257.4852294921875 732.1096801757812 1350.0565185546875 795.132568359375],0.6483146548271179,Tn,0.043146648131687025
353,285.0,[1027.429472320124 642.4473365168477 1391.7310118222629 879.3730337598739],[1247.668212890625 731.2431030273438 1336.727783203125 784.9369506835938],0.5317572951316833,ijJ,0.20595819667233525
359,285.0,[994.8484578941931 641.5279536286216 1366.1143077290953 876.3915752945088],[1232.8741455078125 729.1155395507812 1319.934814453125 782.0344848632812],0.5484346747398376,Ma,0.07703909260869381
361,285.0,[981.681059473934 640.983821389573 1356.7885648959914 874.9849035473733],[1216.959716796875 729.89697265625 1314.6624755859375 786.3173217773438],0.6507734060287476,I,0.6120840256774365
378,285.0,[845.4030904856259 632.8362487824679 1236.023497093995 864.5410112805152],[1119.369873046875 711.3795776367188 1206.7030029296875 780.9036254882812],0.5138678550720215,Hcu,0.012933141532666427
379,285.0,[834.618684570343 632.8466076001368 1227.0138090568005 864.2890824426709],[1107.5703125 711.5955200195312 1196.2926025390625 788.9107055664062],0.6716327667236328,I,0.5230537073175725
380,285.0,[827.1246311947424 632.261461319777 1220.2917636170534 863.6527572087732],[1095.2205810546875 710.0685424804688 1185.857421875 784.3939819335938],0.7081245183944702,M,0.13409146116751813
383,285.0,[800.2749321837766 627.7386868756001 1197.4188889907364 860.7558919224667],[1070.5064697265625 709.0834350585938 1174.9849853515625 795.8065795898438],0.6749606728553772,I,0.15082478099783803
388,285.0,[753.3855948528942 626.2815451238836 1155.6258583352146 860.5515591694619],[1039.1654052734375 706.967529296875 1119.372802734375 766.9204711914062],0.7548017501831055,,0.0
391,285.0,[723.057836150517 624.3162947172581 1127.390306988241 859.2782642468416],[1005.4608764648438 706.5884399414062 1100.4017333984375 765.0693969726562],0.7450683116912842,I,0.39767301787334475
392,285.0,[714.3140518615204 622.840886494575 1120.771230059499 858.5310649818884],[1000.2192993164062 705.5480346679688 1093.923095703125 766.9747924804688],0.5372193455696106,Tidak Terbaca,0
396,3.0,[260.4011811987374 659.2047671765959 693.7601102389289 929.7840134869339],[527.1234741210938 777.1800537109375 621.9697265625 839.6265258789062],0.6151928901672363,D 1805 ,0.9217036366462708
397,285.0,[665.7832767766064 621.3193421913478 1076.1384241510762 857.2029236642671],[954.1858520507812 706.909423828125 1049.68408203125 763.3046264648438],0.6253901124000549,W,0.16026714499404537
400,285.0,[636.0622134212385 618.0856822089704 1049.8885704485765 855.1054220782999],[930.5306396484375 705.6218872070312 1033.888916015625 762.293212890625],0.6613830327987671,I,0.4475122332639927
400,3.0,[211.33835307917076 655.4325161209257 658.9584130017463 932.1881459772052],[482.8568115234375 779.9935913085938 583.4579467773438 841.3313598632812],0.5230860114097595,D 1805 ,0.9970840947573151
401,3.0,[201.02614133325434 661.1983059498053 650.5986977004512 936.1844026425873],[477.4765625 780.8961181640625 572.0467529296875 841.179931640625],0.5179903507232666,D 1805 ,0.7265470613901603
402,3.0,[188.67279785166355 660.7624017055741 641.2029255616759 936.4988890428281],[467.7078857421875 782.9448852539062 558.7710571289062 843.29443359375],0.5862042307853699,D 1805 ,0.998804503318954
402,285.0,[615.1531093349447 616.4916597686185 1032.3366565157423 853.234216263375],[917.7931518554688 703.2984008789062 1000.580078125 760.148681640625],0.5846896171569824,Jd,0.0837200932965548
410,3.0,[86.39749594615395 658.9653698714361 567.3129838293538 940.0533381047272],[395.918701171875 782.5640258789062 482.64752197265625 842.9203491210938],0.6072574257850647,D 1805 ,0.9986083419762344
412,3.0,[61.10614213037684 658.9565670029835 552.0117912083799 942.3721684165466],[372.78765869140625 777.1012573242188 465.6112365722656 841.7763061523438],0.5615867376327515,D 1805 ,0.9938457152575786
413,285.0,[513.1633245892338 614.3083789500179 946.0774768727495 853.3573834183742],[830.1388549804688 700.9671630859375 925.3071899414062 760.2432861328125],0.6013193130493164,Ies,0.12773003332808402
425,285.0,[412.5230730332151 617.922225308968 870.4386158132279 857.9410655937851],[758.919677734375 706.8096313476562 856.4013671875 771.2671508789062],0.5851771235466003,I,0.7148796107345881
426,285.0,[407.01849586143373 617.3572114823228 867.1817449799966 858.5077546033751],[756.2566528320312 706.4852294921875 853.4637451171875 771.4362182617188],0.6047624945640564,I,0.5939297633577922
427,285.0,[403.7391672335099 617.572506977183 864.5171261671293 859.0969133865016],[758.6517944335938 705.3405151367188 851.5807495117188 767.20458984375],0.546317458152771,Tidak Terbaca,0
439,285.0,[366.29509532642317 615.5023092506559 842.9694227407543 860.2046788007666],[732.3775634765625 706.2304077148438 815.7522583007812 764.4759521484375],0.517450213432312,Iu,0.10594357833057035
441,285.0,[356.9632954430322 616.3479955965857 837.7348923571271 861.7678644659753],[726.9512329101562 706.1029052734375 815.81689453125 764.0594482421875],0.5020514130592346,j,0.37496491488218453
444,285.0,[349.1841723562952 616.6240782410598 834.843375535972 863.7181146519988],[716.0416259765625 705.2061767578125 808.220458984375 765.5656127929688],0.506616473197937,Ils,0.13586961344251147
448,285.0,[329.63443436789254 613.9584651161318 819.1972216824015 863.1555796998258],[698.5806884765625 705.6851806640625 799.2425537109375 762.3143920898438],0.6013965606689453,d,0.6469922804848558
449,285.0,[324.30744987901886 612.074407780876 815.3270334411961 862.7334908826464],[690.4439086914062 705.64990234375 797.1174926757812 770.2522583007812],0.614353597164154,Ia,0.16384078802104957
455,285.0,[301.4011229792495 612.4733390164265 794.3476408146987 862.8408815211817],[666.6295166015625 704.9329223632812 768.6740112304688 763.4813232421875],0.5139153003692627,,0.0
456,285.0,[299.18781420102204 612.6665013638631 791.7899728556424 862.9669421182007],[667.0176391601562 705.4488525390625 767.0230712890625 760.6256713867188],0.525986909866333,I,0.39508693261868544
457,3.0,[-4.166265719387695 633.8190229382616 347.9789400282405 971.8231056972046],[66.62507629394531 799.28466796875 215.82325744628906 867.4253540039062],0.6215792298316956,D 1805 ,0.6348701076444155
457,285.0,[295.4445359874639 612.2967712037861 788.8551485627515 863.2194588836168],[663.7355346679688 705.4810791015625 768.4403686523438 765.1044311523438],0.57124263048172,Id,0.21317948261943837
458,285.0,[291.63445661836056 612.1737058480649 785.8406015456009 863.439885523401],[662.1920166015625 705.039794921875 759.5118408203125 766.5099487304688],0.7624661326408386,Iu,0.337902690409752
459,3.0,[-3.946715265894369 631.6058799211103 341.38874281416304 970.834388386746],[59.205039978027344 799.5778198242188 206.4261474609375 871.2540893554688],0.6651052236557007,D 1805 ,0.9999154806137085
459,285.0,[288.6829522199631 612.6135015802739 785.7406489851231 863.6287977772378],[662.6104125976562 706.806640625 760.2649536132812 765.6139526367188],0.5002753138542175,Ju,0.4788248978641675
460,3.0,[-3.862368261401514 633.3590547302778 338.13904145601674 968.2375321203334],[43.44605255126953 799.4229125976562 204.02459716796875 869.4768676757812],0.656336784362793,D 1805 ,0.9998837790101179
461,3.0,[-3.4949330428023018 633.4305608556729 335.5635262229277 966.3909948750309],[37.919769287109375 797.018798828125 202.00576782226562 869.5836791992188],0.5159808397293091,D 1805 ,0.9999176263809204
462,3.0,[-3.3702652082465647 632.6918156793812 332.6677498354825 964.0623081338589],[34.417537689208984 800.9844360351562 202.1292724609375 868.9383544921875],0.5933713316917419,D 1805 ,0.9999818205833435
463,3.0,[-3.311835474028726 627.5289358401699 330.12533822478997 961.6073475409373],[36.36076354980469 803.18115234375 196.32711791992188 873.7236328125],0.6597294807434082,D 1805 ,0.9999520778656006
464,3.0,[-2.713575208823471 626.4291203776999 328.7421684494433 963.128441398468],[36.4144287109375 800.8401489257812 195.29005432128906 872.6442260742188],0.6714281439781189,D 1805 ,0.999814510345459
465,3.0,[-2.393644108088381 624.6660134321094 327.16857762437866 962.8380734271193],[35.57457733154297 801.8675537109375 192.68426513671875 875.633056640625],0.6752220988273621,D 1805 ,0.9997131824493408
465,285.0,[270.13229427679073 611.7924471559038 767.4678342546803 865.5902822749488],[643.4791870117188 706.2632446289062 728.9127197265625 769.3383178710938],0.6365236043930054,d,0.7703933372122016
466,285.0,[268.87355942777657 611.7405736622763 765.1127382836596 865.8928271579998],[640.44189453125 705.7549438476562 728.2158813476562 768.8563842773438],0.7491586208343506,Ma,0.1564375078146075
466,3.0,[-2.184064061721841 627.1856659825544 325.4799549628955 964.4341504495194],[32.531455993652344 802.5721435546875 195.40994262695312 873.161865234375],0.582208514213562,D 1805 ,0.9999411702156067
467,3.0,[-1.64812385364894 624.8785708574691 324.92811871852666 963.8953328789308],[32.687530517578125 805.0847778320312 201.7514190673828 878.6212158203125],0.7271220684051514,D 1805 ,0.9993067979812622
467,285.0,[268.0852621518517 611.9314750155122 761.4338813153876 865.8126344112923],[640.7546997070312 706.1111450195312 726.7311401367188 764.9279174804688],0.6920003294944763,Med,0.2186105023259668
468,3.0,[-1.1940265128272927 625.4399379816691 324.38040611817337 964.5753543964402],[25.248825073242188 810.6710815429688 189.64654541015625 879.223388671875],0.7567541599273682,D 1805 ,0.9999343752861023
468,285.0,[268.88705233801545 612.0743511375298 759.1785599399901 865.8375673933152],[640.4963989257812 705.5180053710938 727.9138793945312 762.837890625],0.6538881659507751,d,0.8534777873364874
469,3.0,[-0.8474118656832843 626.2090402821907 324.1012341705766 965.9297633271449],[23.687644958496094 810.8232421875 191.47898864746094 878.1976318359375],0.6233697533607483,D 1805 ,0.9999016523361206
470,3.0,[-0.4084486896930173 627.0886362817955 324.35099483757824 967.6625549047355],[23.582130432128906 808.3540649414062 187.14564514160156 880.7255859375],0.6174764037132263,D 1805 ,0.999850869178772
471,3.0,[-0.1825138514394382 628.243767944869 324.4518416518723 969.0398269485447],[21.298227310180664 810.488525390625 192.66348266601562 882.2078247070312],0.5585981607437134,D 1805 ,0.999876856803894
472,3.0,[0.19046611355608434 628.1185213995375 325.1901595527884 971.0838672369664],[17.028728485107422 810.7534790039062 188.88677978515625 882.301025390625],0.6906197667121887,D 1805 ,0.9999759197235107
473,3.0,[0.7729547662194136 629.0032354523971 326.69568117530025 972.7001210778583],[25.44557762145996 811.4451293945312 193.3055877685547 884.6966552734375],0.798323392868042,D 1805 ,0.9999318718910217
474,3.0,[1.316774546119774 629.2797676703066 328.5969539725844 974.4149284024039],[27.529375076293945 813.62109375 190.76309204101562 886.1407470703125],0.8482337594032288,D 1805 ,0.9998593330383301
475,3.0,[1.9216756204251908 635.2443287014792 331.2426231239899 979.8873672747593],[28.352806091308594 812.5748291015625 195.0669708251953 888.841552734375],0.8678054213523865,D 1805 ,0.9999279975891113
476,3.0,[2.4049963682695363 649.3436393662989 334.17898163163 986.9818007216732],[32.10430908203125 820.0155029296875 202.01126098632812 886.59228515625],0.7808451652526855,D 1805 ,0.9995493292808533
477,3.0,[2.6943542663497624 659.3916462693144 336.98757940841165 990.71361035675],[35.19209289550781 820.6060180664062 207.19619750976562 888.2792358398438],0.7743662595748901,D 1805 ,0.9999099969863892
478,3.0,[3.6393449407226512 663.4889795419014 341.458248928054 989.8491344255298],[37.27455139160156 824.7244873046875 207.2840118408203 888.6464233398438],0.7753838300704956,D 1805 ,0.9998871088027954
479,3.0,[4.150231159836181 665.6735241288884 345.57374667436704 987.8558444266534],[35.1910400390625 827.1154174804688 214.74732971191406 890.3289184570312],0.7399138808250427,D 1805 ,0.9981910367282375
480,3.0,[4.383283763858827 667.8986925969588 349.2599828113164 986.8563625803769],[34.215492248535156 826.0274047851562 222.70211791992188 891.9852905273438],0.6785492300987244,D 1805 ,0.9997859597206116
481,3.0,[5.18747097506386 667.4931074918693 354.51447368873005 984.6554255262465],[40.05073165893555 831.4839477539062 229.74537658691406 895.22314453125],0.6298903822898865,D 1805 ,0.9983804281303659
482,3.0,[5.815070205983716 669.6894025590628 360.0027061356895 985.4273787084059],[56.184471130371094 828.4389038085938 228.76492309570312 893.1589965820312],0.6355688571929932,D 1805 ,0.9999581575393677
482,285.0,[313.4900951162495 622.2857554734841 769.4490110559307 872.4710140429723],[637.5140991210938 709.7444458007812 728.0692138671875 786.0316772460938],0.5177455544471741,co,0.025547789737032544
483,3.0,[6.1055636200183585 669.9980264453152 365.2008364225921 985.416824956274],[61.010562896728516 833.2293090820312 232.956298828125 898.0402221679688],0.6399475336074829,D 1805 ,0.9999634027481079
484,3.0,[6.787867402765386 672.6163301965747 371.5992511759821 988.6372930117835],[60.37726593017578 833.7991333007812 239.91331481933594 900.881103515625],0.6970381140708923,D 1805 ,0.9999819993972778
485,3.0,[6.977453219177079 674.4808154932841 377.4065360687199 991.3158838782347],[78.82161712646484 836.1959838867188 242.20111083984375 900.7131958007812],0.6803777813911438,D 1805 ,0.9998342394828796
486,285.0,[339.34523150124465 624.2209422946531 781.413541083703 871.240649868066],[644.105224609375 713.7072143554688 746.2095947265625 794.3765258789062],0.5370359420776367,Id,0.29080011317079374
487,3.0,[8.27847016005424 681.5021021203879 390.4027228452684 1009.5925750488827],[88.83043670654297 834.3228149414062 255.5675048828125 905.7053833007812],0.6432951092720032,D 1805 ,0.9998689889907837
488,3.0,[8.688378975091183 681.9823436926763 396.83535837309 1017.3151326689945],[90.92445373535156 836.1150512695312 264.377197265625 906.2720947265625],0.6351381540298462,D 1805 ,0.9999501705169678
489,3.0,[9.597163822738025 681.5430978216738 404.6209706459977 1021.6108751320602],[109.11387634277344 838.1862182617188 264.34478759765625 904.4286499023438],0.686964750289917,D 1805 ,0.9999326467514038
489,285.0,[360.39328805203724 625.6305909434592 793.4550338828362 870.3205921119921],[662.887451171875 709.5393676757812 752.7431640625 777.5634155273438],0.6051130294799805,T 1 DD,0.016303248703479767
490,3.0,[9.558699757555502 682.2010590425177 411.06440941310007 1027.7605385475324],[110.1091079711914 839.021484375 277.25848388671875 904.0096435546875],0.672450602054596,D 1805 ,0.9999383687973022
491,3.0,[9.873923474458707 682.130166547407 418.61438784815556 1032.745993290647],[112.72105407714844 841.9443969726562 289.2348937988281 904.8125610351562],0.6865220665931702,D 1805 ,0.999940037727356
492,3.0,[9.586086171793909 682.2428490329977 425.81287590251463 1036.5649861698703],[131.2831268310547 839.5328979492188 287.2341613769531 907.4763793945312],0.7624899744987488,D 1805 ,0.9999843835830688
493,3.0,[9.836610367374789 681.1372295731954 433.49292123744874 1038.7133043460344],[136.6630859375 839.1892700195312 302.5975646972656 906.9981689453125],0.8026367425918579,D 1805 ,0.9999722838401794
494,3.0,[10.009390205294551 681.0726283646229 441.6278225739063 1041.6264289551418],[139.3590545654297 840.0833129882812 315.6273498535156 909.1364135742188],0.7601926922798157,D 1805 ,0.9999908208847046
495,3.0,[9.832716762680377 679.5755089241043 449.01361234433057 1041.5871831978288],[159.39317321777344 839.5726318359375 314.3529968261719 907.2191162109375],0.7747774720191956,D 1805 ,0.9999873638153076
495,285.0,[410.3083068267816 627.2330078209843 823.4921519376983 867.0638998018169],[688.3795776367188 711.8731079101562 777.4613037109375 789.6024780273438],0.6292504072189331,T 1 DD,0.16776215044624285
496,3.0,[9.414516738957815 677.3691624672304 456.638759388714 1040.7131366048006],[160.79612731933594 841.360107421875 322.94378662109375 909.2067260742188],0.8522205352783203,D 1805 ,0.990624625115391
497,3.0,[9.326458159961788 676.4629949897368 464.679450805064 1040.7940809212255],[168.8284149169922 842.398681640625 329.4203186035156 911.032470703125],0.7985340356826782,D 1805 ,0.9999778270721436
498,3.0,[9.773712233105272 678.1762246550647 473.4954866210488 1043.4581089379706],[183.97335815429688 841.98779296875 333.8086853027344 908.5576171875],0.8072282671928406,D 1805 ,0.9998156428337097
499,3.0,[9.87980201544633 679.7052402254218 481.9637616460428 1046.5447796803005],[186.23524475097656 841.5399169921875 349.18798828125 910.6261596679688],0.7844158411026001,D 1805 ,0.9999763369560242
499,285.0,[445.78218746158944 629.2423492076352 842.7813364952503 864.9928997647805],[710.490234375 708.5545043945312 810.659912109375 781.4403686523438],0.5722909569740295,RI 7 ES,0.1377667784690857
500,3.0,[10.406603910125511 681.0971727660069 491.6571969091858 1048.8789896981248],[193.67811584472656 842.848388671875 354.3292541503906 909.982177734375],0.7958491444587708,D 1805 ,0.9999823570251465
500,285.0,[456.4834516357474 628.9295587939605 849.051678979441 863.9220735810095],[714.6218872070312 710.40234375 805.132568359375 783.2724609375],0.5958935618400574,RI 7 ES,0.22164961695671082
501,3.0,[10.87823053556528 680.7867459273489 500.35561217916313 1049.082664286998],[207.87704467773438 842.8240356445312 359.4862976074219 910.7290649414062],0.8383398652076721,D 1805 ,0.9999895691871643
502,3.0,[14.383602451306984 681.2445099943448 509.9938571970206 1050.235462314865],[213.27488708496094 843.2030639648438 372.48333740234375 911.6466064453125],0.7913342118263245,D 1805 ,0.9999901652336121
503,3.0,[20.94941645724583 680.8970384770976 521.5395549391155 1050.1026427209163],[223.51153564453125 840.5169067382812 378.90435791015625 912.2933349609375],0.8143197298049927,D 1805 ,0.9999849200248718
504,3.0,[28.316576494284476 679.2594722367874 532.1578957369429 1048.5360300739296],[232.00900268554688 842.9741821289062 394.29229736328125 911.2758178710938],0.8205487728118896,D 1805 ,0.99983811378479
505,3.0,[39.13925181451768 678.0076212860254 543.5332661461938 1047.8227880080121],[237.55284118652344 843.1198120117188 400.8083801269531 912.8231201171875],0.7769628763198853,D 1805 ,0.9999651908874512
506,3.0,[48.989429911552946 679.6571937161547 552.9165611339814 1049.7542645307562],[250.84117126464844 844.0145874023438 406.2167663574219 912.3934936523438],0.7999155521392822,D 1805 ,0.9999592900276184
507,3.0,[58.40854758894224 680.4117754802905 561.5934572491901 1051.4082780627455],[258.33465576171875 841.810791015625 418.901123046875 912.190673828125],0.8178610801696777,D 1805 ,0.9999732375144958
507,285.0,[519.6082152887267 628.6549319644674 886.3535913451652 853.9106132092442],[757.4334106445312 707.6859741210938 843.6845092773438 774.0408325195312],0.5161866545677185,RI 7 ES,0.11456437866062114
508,3.0,[68.78439449761669 680.1041051944561 571.4596065862859 1050.9809624675581],[265.6128234863281 843.5965576171875 422.5646667480469 913.4974365234375],0.7877214550971985,D 1805 ,0.9999604225158691
508,285.0,[527.0122725235035 628.9016800797331 891.023997693515 852.3870151232559],[759.3895263671875 704.9349975585938 849.0341186523438 775.8239135742188],0.6469669342041016,RI 7 ES,0.02066026188640053
509,3.0,[79.79968474618923 679.8277256390209 582.0060431646269 1049.316526291257],[277.9929504394531 843.331787109375 434.5145263671875 912.743408203125],0.8149991035461426,D 1805 ,0.5797654902415389
510,3.0,[89.73039047292275 680.4171908884064 591.0562957370813 1047.7537255581124],[280.3810119628906 842.1800537109375 445.2887878417969 912.615234375],0.7720029950141907,D 1805 ,0.6530613037847393
511,3.0,[102.4810977931539 680.823201520792 601.0771546591338 1047.0860167106043],[297.46923828125 841.7755737304688 452.9899597167969 913.0277709960938],0.7711917757987976,D 1805 ,0.9926337083183658
512,3.0,[112.2176246474759 680.2299504211104 609.3093024246295 1046.3640846176593],[307.3611145019531 842.5321655273438 451.9413757324219 915.2656860351562],0.8048213124275208,D 1805 ,0.9998682737350464
513,3.0,[122.37759022936064 680.0615171612769 617.3815042179941 1046.1129632285404],[315.35467529296875 844.6468505859375 469.3761291503906 912.289306640625],0.7226879000663757,D 1805 ,0.999519431865168
514,3.0,[133.41998055465749 680.0877648167103 626.2604465877531 1045.7090056578586],[328.7575378417969 842.656494140625 475.9530944824219 913.1103515625],0.7990477085113525,D 1805 ,0.9861400208186362
515,3.0,[144.36033384033294 679.5836377651037 634.3992553549774 1044.9643181320732],[334.2344665527344 843.466552734375 490.3828125 912.3936767578125],0.7614036202430725,D 1805 ,0.9999291896820068
516,3.0,[155.44223996404816 679.861779383792 643.0811750310099 1044.5424723739618],[344.77752685546875 843.218994140625 493.3111267089844 914.1053466796875],0.7775900959968567,D 1805 ,0.9999838471412659
517,3.0,[165.9847937604091 680.1714740024995 651.3024931974269 1044.397728191785],[353.50634765625 844.039306640625 503.43365478515625 914.180419921875],0.8026901483535767,D 1805 ,0.9999156594276428
518,3.0,[175.65613930668545 680.8563627973424 659.0245972791643 1044.5219522331859],[360.31903076171875 843.2803344726562 516.7337646484375 913.9473266601562],0.7773184776306152,D 1805 ,0.9999786019325256
519,3.0,[186.89900869716394 680.3500112841184 667.9875020880246 1043.185116871779],[373.9532775878906 843.7510986328125 521.455078125 913.279541015625],0.8031365871429443,D 1805 ,0.9999889135360718
520,3.0,[197.74937515165942 680.498024668325 676.3364839103886 1042.348243538123],[379.9538269042969 843.7646484375 528.8807983398438 912.7750854492188],0.7884265780448914,D 1805 ,0.9999222159385681
521,3.0,[207.69991629338702 679.7966842204738 685.1135334575052 1040.7040625242075],[394.8017883300781 843.2958984375 541.0555419921875 910.71826171875],0.7438362240791321,D 1805 ,0.9996194351712282
522,3.0,[218.09466412415478 680.8138611883453 693.5254880533739 1039.016518818027],[399.2193908691406 843.920654296875 548.3828735351562 909.0488891601562],0.7910661101341248,D 1805 ,0.9999527931213379
523,3.0,[226.51523124455406 680.2353247684837 700.1276035294377 1038.7698552682964],[399.5440979003906 842.96484375 552.3281860351562 908.9007568359375],0.8174994587898254,D 1805 ,0.9996978044509888
524,3.0,[236.44579015206213 680.1061349073185 707.3049301672727 1038.4994036798976],[402.03753662109375 843.626220703125 564.33984375 907.559326171875],0.7561993598937988,D 1805 ,0.9999058246612549
525,3.0,[247.40717205758392 679.5056561631735 714.9603566225934 1037.00705652282],[428.4877624511719 843.8527221679688 564.9021606445312 907.4247436523438],0.7807593941688538,D 1805 ,0.9986804127693176
526,3.0,[256.1750271426587 678.8534335584895 720.9944760236967 1034.9998619703351],[426.441650390625 844.4498291015625 568.0691528320312 907.2183837890625],0.7779369950294495,D 1805 ,0.9205072611650675
527,3.0,[265.5571028731988 678.3931610064225 727.9479668545024 1033.3429734603483],[433.4832763671875 843.3806762695312 584.4722290039062 904.3273315429688],0.6423389315605164,D 1805 ,0.9999141097068787
528,3.0,[273.8904104253486 679.1573177008944 733.8688674699139 1033.3979842689773],[446.88336181640625 843.708984375 587.4166870117188 905.4160766601562],0.6963237524032593,D 1805 ,0.6972915943495487
529,3.0,[282.4779705664582 677.717103703682 739.9014484803898 1030.5123587639268],[449.13531494140625 843.0975952148438 592.0416259765625 903.4850463867188],0.65147864818573,D 1805 ,0.9991209506988525
530,3.0,[291.924083855567 677.6891268561781 746.7810821651635 1031.2929251237997],[455.47393798828125 842.0372314453125 601.8023071289062 904.20849609375],0.5213285684585571,D 1805 ,0.99996018409729
533,3.0,[315.9928507538486 677.3672814314391 764.4795742902991 1025.599499169831],[484.20098876953125 840.6065063476562 618.9757690429688 898.9234008789062],0.5616155862808228,D 1805 ,0.9999881386756897
536,3.0,[339.7510535007092 676.9991515373111 782.2689305815253 1019.7291165368621],[505.2516174316406 839.5096435546875 639.7791748046875 899.0084838867188],0.5518224835395813,D 1805 ,0.9993663430213928
537,3.0,[346.68210492366916 675.728879531673 786.3102522442532 1016.8869635815068],[509.9278564453125 839.82568359375 645.0556640625 893.67333984375],0.5234229564666748,D 1805 ,0.999847948551178
538,3.0,[352.36377151886387 675.5645469127662 789.4082523831332 1015.3218657000052],[516.5950927734375 839.51171875 641.6658325195312 894.2366333007812],0.7126149535179138,D 1805 ,0.9990603389312229
543,3.0,[374.78045685388565 676.5734961649558 801.8614540644191 1005.3806857080457],[526.3167114257812 839.0637817382812 668.9562377929688 891.0437622070312],0.56838059425354,D 1805 ,0.9999207258224487
549,3.0,[384.8315877912903 674.7935039035312 804.5462056468939 991.3446309303747],[530.6213989257812 826.1878662109375 669.1602783203125 889.4484252929688],0.6480553150177002,D 1805 ,0.999953031539917
553,3.0,[387.0112433240773 674.7537098102184 799.8693926036339 987.1550299985597],[526.7503662109375 823.1475830078125 669.153076171875 887.6695556640625],0.5007692575454712,D 1805 ,0.9994601607322693
554,3.0,[386.88346193774424 675.3878535085295 797.2504509262708 986.2394469875729],[526.8168334960938 821.33642578125 666.4354248046875 883.0317993164062],0.6214154958724976,D 1805 ,0.999595329946564
555,3.0,[386.2974255740029 675.4837413579945 794.695989024896 986.4500434455714],[531.52392578125 825.9446411132812 662.26904296875 884.2450561523438],0.5307902693748474,D 1805 ,0.9998940825462341
556,3.0,[385.3864475037487 675.026973307145 791.8526891474069 984.8957783376225],[525.7672119140625 822.1358642578125 660.3063354492188 888.1446533203125],0.6097933650016785,D 1805 ,0.9997655029886298
557,3.0,[384.78081371804876 674.01160696128 790.0808492492112 982.895238112762],[528.991943359375 823.4044189453125 660.8282470703125 880.1715087890625],0.6688945293426514,D 1805 ,0.9995756076166576
559,3.0,[383.06866757997545 674.3446598157992 785.9163952309123 982.2347083173867],[522.0872192382812 820.279052734375 656.5012817382812 879.4547119140625],0.6272479295730591,D 1805 ,0.9997571110725403
560,3.0,[381.8368866694782 674.5811628795298 783.2688925102477 980.8910523580018],[523.7363891601562 818.2322387695312 657.6015014648438 884.2681274414062],0.6462642550468445,D 1805 ,0.9992793649659921
562,3.0,[380.70757353923227 674.9239826927724 779.1626791286342 979.058798049911],[525.5615844726562 818.2930297851562 643.6045532226562 881.0971069335938],0.6145771145820618,D 1805 ,0.9992599815638957
